,2018-04-01 00:00:00,2018-05-01 00:00:00,2018-06-01 00:00:00,2018-07-01 00:00:00,2018-08-01 00:00:00,2018-09-01 00:00:00,2018-10-01 00:00:00,2018-11-01 00:00:00,2018-12-01 00:00:00,2019-01-01 00:00:00,2019-02-01 00:00:00,2019-03-01 00:00:00,2019-04-01 00:00:00,2019-05-01 00:00:00,2019-06-01 00:00:00,2019-07-01 00:00:00,2019-08-01 00:00:00,2019-09-01 00:00:00,2019-10-01 00:00:00,2019-11-01 00:00:00,2019-12-01 00:00:00,2020-01-01 00:00:00,2020-02-01 00:00:00,2020-03-01 00:00:00,2020-04-01 00:00:00,2020-05-01 00:00:00,2020-06-01 00:00:00,2020-07-01 00:00:00,2020-08-01 00:00:00,2020-09-01 00:00:00,2020-10-01 00:00:00,2020-11-01 00:00:00,2020-12-01 00:00:00,2021-01-01 00:00:00,2021-02-01 00:00:00,2021-03-01 00:00:00,2021-04-01 00:00:00,2021-05-01 00:00:00
SKU-1,282,205,126,296,112,104,170,134,107,149,242,328,317,193,200,105,161,162,132,188,167,83,206,245,44,213,146,107,153,440,2711,272,170,80,389,229,212,153
SKU-2,405,223,179,237,168,84,212,90,320,118,58,271,341,373,384,221,128,317,362,211,132,76,228,177,36,669,208,178,122,407,237,196,132,76,188,302,161,256
SKU-3,63,69,57,51,69,48,48,48,48,48,48,69,77,60,55,48,48,66,48,48,63,48,51,52,48,54,64,48,50,51,57,54,60,48,60,53,115,48
SKU-4,474,335,347,314,183,429,338,173,231,237,155,510,539,413,402,260,410,412,288,218,269,166,380,503,47,214,580,373,272,4202,1108,218,159,334,407,682,371,161
SKU-5,803,1012,1183,1130,660,694,488,277,317,264,191,781,1218,1267,968,1211,606,661,829,862,441,314,522,731,44,428,2478,855,1070,2610,1238,347,255,729,997,1942,1289,335
SKU-6,60,61,45,102,32,54,36,30,33,30,30,81,124,176,86,82,87,45,39,30,102,42,39,46,30,47,44,52,74,115,34,130,36,60,97,107,57,63
SKU-7,3110,2130,1572,1740,2532,1912,2970,2434,2484,2236,1812,3988,3324,2712,2956,1608,3384,2764,3320,3216,3458,3420,2880,2076,32,2104,2276,2500,2724,2836,4184,3104,4512,2128,3224,3876,2604,1468
SKU-8,2407,2655,2577,1872,2430,1995,1941,2557,2353,1746,2111,4717,3865,1765,4518,1712,2705,2198,2297,2700,2296,2265,2336,2142,37,2925,2579,2165,2993,2213,2924,2181,3202,2001,2692,3041,1651,1618
SKU-9,1073,799,892,749,1145,666,1069,732,876,775,579,1422,1149,926,796,731,936,1242,809,999,873,1212,1275,754,32,420,656,627,749,1259,790,997,1252,1228,1078,1502,842,244
SKU-10,42,42,42,42,42,42,42,42,42,42,42,682,576,401,467,384,502,697,593,1131,1246,1193,899,824,42,360,370,714,749,917,1288,1142,1705,1004,1076,2219,922,542
SKU-11,5,5,5,5,5,5,5,5,5,5,5,5,5,5,5,5,5,5,5,5,5,5,5,5,5,5,5,5,55,143,37,97,65,255,105,173,45,67
SKU-12,8,8,8,8,8,8,8,488,638,128,98,428,524,140,374,98,1754,8,8,98,140,1064,128,368,8,8,8,170,368,68,206,350,560,494,248,188,110,242
SKU-13,23318,9636,6446,4820,9323,8084,6200,14760,20906,21736,7338,54812,21824,14671,13524,10236,16728,6616,6140,24965,34502,19640,8828,14842,66,2610,3090,9908,3910,8172,3452,20782,34212,13760,8562,17558,1806,1938
SKU-14,2,2,2,2,2,2,2,173,146,227,20,254,890,317,299,407,335,173,155,101,797,731,2,245,2,83,539,488,443,146,236,281,218,344,587,227,281,65
SKU-15,16,16,16,16,16,16,16,16,16,16,16,16,16,16,16,16,16,16,16,16,16,16,16,16,16,16,16,16,16,216,180,64,288,135,312,100,19,172
SKU-16,16,16,16,16,16,16,16,16,364,272,80,508,428,88,456,236,872,192,36,496,164,744,72,264,16,36,116,360,292,88,88,572,488,356,480,220,56,328
SKU-17,9811,6059,3575,3523,5933,5815,1399,11463,10439,14695,3951,27975,8163,6699,7015,7273,11879,3263,3883,14931,14359,17035,4011,9267,39,903,1527,6563,3951,5239,3093,17319,14667,8047,5447,8519,879,1527
SKU-18,6,6,6,6,6,6,6,6,6,414,838,494,858,714,366,462,570,162,594,582,354,1506,354,402,6,66,246,822,690,90,434,690,402,378,750,642,366,198
SKU-19,40,40,40,40,40,40,40,40,40,40,40,40,40,40,40,40,40,40,40,40,40,40,40,40,40,40,92,176,78,65,58,62,114,56,60,267,67,60
SKU-20,30,30,30,30,30,30,30,30,30,30,30,30,30,30,30,30,30,30,30,30,30,30,30,30,30,30,30,200,207,129,200,226,215,223,150,562,55,36
SKU-21,31,31,31,31,31,31,31,31,31,31,31,31,31,31,31,31,31,31,31,31,31,31,31,31,31,31,263,313,292,412,331,289,1405,711,629,734,469,457
SKU-22,35,35,35,35,35,35,35,35,35,35,35,35,35,35,35,35,35,35,35,35,35,35,35,35,35,35,35,212,244,193,147,263,452,300,156,248,195,59
SKU-23,36,36,36,36,36,36,36,36,36,36,36,36,36,36,36,36,36,36,36,36,36,36,36,36,36,36,36,248,184,114,139,187,638,265,385,318,92,72
SKU-24,37,37,37,37,37,37,37,37,37,37,37,37,37,37,37,37,37,37,37,37,37,37,37,37,37,37,419,453,405,275,221,556,927,473,484,580,353,87
SKU-25,57,57,57,57,57,57,57,57,57,57,57,57,1217,935,727,981,285,593,493,593,255,185,665,305,57,273,383,425,261,361,455,691,803,439,447,371,213,237
SKU-26,38,38,38,38,38,38,38,38,38,38,38,38,38,38,38,38,38,38,38,38,38,38,38,38,38,38,50,397,448,202,578,731,837,891,630,862,238,182
SKU-27,44,44,44,44,44,44,44,44,44,44,44,44,44,44,44,44,44,44,44,44,44,44,44,44,44,44,56,368,462,104,485,850,1089,990,963,1102,434,253
SKU-28,28,28,28,28,28,28,28,28,28,28,28,28,28,28,28,28,28,28,28,28,28,28,28,28,28,28,28,154,158,106,124,240,324,282,359,292,202,68
SKU-29,37,37,37,37,37,37,37,37,37,37,37,37,37,37,37,37,37,37,37,37,37,37,37,37,37,37,327,459,197,123,489,259,839,595,536,576,361,163
SKU-30,23,23,23,23,23,23,23,23,23,665,2143,2453,2770,1686,1453,847,1019,846,1255,1404,2204,1578,1715,1171,23,749,864,753,1355,1393,1857,1814,1875,1526,1280,1655,831,365
SKU-31,993,2491,1670,1149,1449,1020,1261,1553,1247,1245,620,1790,1131,935,685,739,288,696,678,577,755,239,350,349,49,311,464,239,325,296,558,391,517,261,506,314,140,158
SKU-32,6286,4840,3946,3002,4517,2909,2674,3442,2662,2076,2236,3850,3324,2727,1990,1597,999,1789,1638,1801,1504,691,1155,692,67,607,1073,447,840,661,1071,1068,922,677,660,685,591,247
SKU-33,50,50,50,50,50,50,50,50,50,50,50,50,50,50,50,50,50,50,50,50,50,50,50,50,50,50,54,264,288,198,622,808,1316,826,787,942,592,278
SKU-34,2772,2586,1492,924,1008,1126,988,1280,1172,1240,926,1955,1196,1228,938,788,494,401,816,982,660,392,386,426,48,362,469,332,274,278,246,348,376,144,234,280,72,132
SKU-35,38,38,38,38,38,38,38,38,38,38,38,38,38,38,38,38,38,38,38,38,38,38,38,38,38,38,38,38,38,38,38,38,38,308,924,292,156,38
SKU-36,22,22,22,22,22,22,22,22,22,22,22,22,22,22,22,22,22,22,22,22,22,22,34,168,22,208,630,516,800,700,1214,1244,1564,1560,1304,1302,532,858
SKU-37,3170,3284,2126,1914,2441,1738,2235,2839,1925,1352,1169,3166,2642,1342,1727,1181,925,1168,1129,1320,1819,997,955,1427,27,693,1149,821,1356,900,1717,1305,1896,1727,859,1792,815,677
SKU-38,40,534,352,854,622,670,919,846,564,652,736,1044,719,862,540,532,522,626,1018,1008,1270,476,234,192,8,76,132,260,356,386,795,662,1148,502,703,856,350,350
SKU-39,3507,3805,4307,3081,4471,2709,4524,4900,3241,2295,2269,6359,3949,3555,3267,2913,2117,3561,3043,3373,3542,1823,2739,2023,57,909,1589,1691,2635,2239,4093,2771,4173,3039,2019,3569,877,1231
SKU-40,3985,2656,2682,3036,2749,3170,4949,4246,3420,2560,2457,5884,3987,4006,3082,2325,1818,2597,3196,2564,3661,1676,2254,1637,47,1259,1957,889,2018,1753,2659,2181,2323,1270,1606,1479,675,457
SKU-41,29,29,29,29,29,29,29,29,29,29,29,29,29,29,29,29,29,29,29,29,29,29,77,450,29,209,527,354,382,221,515,497,902,827,887,933,451,387
SKU-42,30,30,30,30,30,30,30,30,30,30,30,30,30,30,30,30,30,30,30,30,30,30,62,142,30,62,218,176,378,254,382,272,570,386,494,516,298,242
SKU-43,13,13,13,13,13,13,13,13,13,13,13,13,13,13,13,13,13,13,13,13,13,13,63,598,13,49,235,146,345,332,457,527,997,531,275,259,187,137
SKU-44,59,59,59,59,59,59,59,59,59,59,59,59,59,59,59,59,59,59,59,59,59,59,95,253,59,157,387,205,442,429,363,555,583,242,645,847,259,271
SKU-45,12,12,12,12,12,12,12,12,12,12,12,12,12,156,340,322,288,463,344,234,630,264,222,164,12,56,300,392,344,378,318,677,464,328,545,652,68,142
SKU-46,312,732,668,648,774,670,648,920,618,493,474,924,640,432,560,636,514,698,738,771,1139,598,624,324,42,122,294,550,584,636,767,934,846,1018,640,698,330,268
SKU-47,7501,5631,5842,4251,6733,5690,5212,6227,5039,4339,4133,8005,6225,5693,5473,5285,2608,5991,4991,5712,5135,4240,3549,1962,45,895,2605,3113,4135,2737,6560,3513,6289,3999,2719,5422,1205,1529
SKU-48,275,101,197,137,137,65,95,101,65,77,11,209,167,95,83,189,329,53,65,53,143,41,35,41,11,35,35,119,95,113,95,83,101,85,95,29,101,23
SKU-49,12,12,12,12,12,12,12,12,12,12,12,108,72,12,108,504,596,664,652,748,1052,880,1022,378,12,61,552,652,1296,756,988,746,1472,1858,533,1106,548,612
SKU-50,1762,1700,1728,2086,2106,1186,1882,1714,1434,1392,916,2100,1352,1182,1164,1380,810,1826,1146,1740,1844,1448,1180,508,48,172,388,746,814,1108,1312,1788,2328,1436,906,1556,708,366
SKU-51,4869,4793,5371,4091,3730,3762,6460,6227,4770,3405,2712,6101,4543,5009,3636,3750,2461,4680,3754,4360,5502,3077,3371,2002,54,690,1802,2556,3470,2603,5427,3658,5090,4473,2976,4267,1130,1709
SKU-52,106,91,109,37,71,79,67,61,64,49,19,115,97,49,112,72,22,100,52,25,52,43,28,44,10,31,34,61,49,34,31,100,68,28,55,100,10,34
SKU-53,2802,1670,2146,1022,1149,851,1068,1401,1363,1107,781,3458,1554,1314,1008,729,541,1010,977,825,1025,1043,1069,1118,44,693,694,568,752,951,1258,886,1376,1061,968,1236,312,182
SKU-54,33,33,33,33,33,33,33,33,33,33,33,33,33,33,33,33,33,33,33,33,33,33,81,103,33,57,277,161,121,181,163,293,585,335,273,347,155,79
SKU-55,50,50,50,50,50,50,50,50,50,50,50,50,50,50,50,50,50,50,50,50,50,50,50,278,50,90,538,326,408,386,864,763,1177,734,265,870,551,321
SKU-56,41,41,41,41,41,41,41,41,41,41,41,41,41,41,41,41,41,41,41,41,41,41,41,41,41,257,941,757,1359,1123,2393,2225,3557,1207,2159,2553,1233,537
SKU-57,56,56,56,56,56,56,56,56,56,56,56,56,56,56,56,56,56,56,56,56,56,56,96,356,56,194,346,148,216,196,394,368,774,360,578,336,224,168
SKU-58,42,42,42,42,42,42,42,42,42,42,42,42,42,42,42,42,42,42,42,42,42,42,42,225,42,86,224,225,286,206,718,469,663,322,718,632,146,140
SKU-59,36,36,36,36,36,36,36,36,36,36,36,36,36,36,36,36,36,36,36,36,36,36,64,964,36,132,230,528,658,472,1044,428,1124,1176,1214,1680,244,392
SKU-60,23,23,23,23,23,23,23,23,23,23,23,23,23,23,83,203,474,23,23,23,23,23,23,23,23,23,23,53,335,293,302,173,470,368,113,323,197,59
SKU-61,49,49,49,49,49,49,49,49,49,49,133,10613,6057,9625,3901,2341,5641,309,49,49,76,22560,26079,5577,4049,4010,2721,1429,2275,774,732,226,4182,214,1321,9769,615,1354
SKU-62,49,49,49,49,49,49,49,49,49,49,49,49,49,49,49,49,49,49,49,49,49,67,210,1249,49,345,695,593,719,540,851,1383,1437,760,822,1027,455,205
SKU-63,47,47,47,47,47,47,47,47,47,47,47,47,47,47,47,47,47,47,47,47,47,47,129,433,47,203,255,230,471,288,296,677,559,724,435,552,357,115
SKU-64,329,269,223,151,209,144,177,187,143,180,163,158,285,72,232,376,185,144,238,164,151,151,165,109,25,92,210,143,130,71,286,231,183,130,119,162,55,40
SKU-65,395,209,173,163,90,37,296,59,61,138,58,127,231,188,65,212,65,185,163,106,220,83,77,88,37,106,137,143,219,134,182,100,94,83,201,194,55,46
SKU-66,36,36,36,36,36,36,36,36,36,36,36,36,36,36,36,36,36,36,36,36,36,36,36,288,36,88,164,156,436,216,356,672,1092,912,1216,1684,1241,1516
SKU-67,27,27,27,27,27,27,27,27,27,27,27,27,27,27,27,27,27,27,27,27,142,318,124,85,27,105,225,192,208,161,339,581,826,1253,1276,1569,795,1131
SKU-68,22,22,22,22,22,22,22,22,22,22,22,22,22,22,22,22,22,22,22,22,82,236,115,136,22,28,22,64,38,107,182,85,444,374,468,397,180,136
SKU-69,2022,3410,2016,1344,1370,888,778,1526,854,846,1230,2913,2494,3266,2014,1160,2186,1374,1024,1854,1146,1436,1694,2829,46,2606,4078,1628,3648,2522,2280,1788,3074,1719,3649,4736,3582,3148
SKU-70,635,706,581,323,445,305,361,617,479,430,359,935,563,713,627,331,687,587,518,857,659,647,731,536,59,779,691,737,819,1047,745,417,1229,1005,1049,1547,863,509
SKU-71,715,589,649,319,413,487,349,571,336,428,168,629,817,155,453,352,321,474,173,589,338,209,439,131,53,212,325,175,337,351,484,325,379,354,483,709,319,163
SKU-72,589,333,419,305,479,540,280,496,474,295,219,519,467,371,307,229,451,375,446,335,434,345,250,375,47,207,208,263,413,281,653,383,401,385,587,549,265,369
SKU-73,48,48,48,48,48,48,48,48,48,48,48,48,48,48,48,48,48,48,80,729,993,621,288,427,48,191,250,108,260,123,211,173,508,210,493,232,91,100
SKU-74,33,33,33,33,33,33,33,33,33,33,33,33,33,33,33,33,33,33,33,33,33,33,33,33,33,33,67,285,149,193,597,803,1135,657,689,327,33,275
SKU-75,17,17,17,17,17,17,17,17,17,17,17,17,17,17,17,17,17,17,25,401,1009,275,275,153,17,25,21,49,79,113,193,221,293,157,347,173,75,81
SKU-76,55,55,55,55,55,55,55,55,55,55,55,55,55,55,55,55,55,55,55,55,55,55,55,55,55,55,55,55,55,55,55,55,55,55,55,1707,634,387
SKU-77,33,33,33,33,33,33,33,369,1226,783,657,1809,1063,920,698,478,729,879,594,858,1280,824,661,392,33,374,639,598,657,997,904,947,1267,873,879,1083,57,669
SKU-78,1597,1219,1912,1087,1135,917,1060,1476,1051,775,1442,1774,2111,1899,935,857,1419,831,959,1217,1174,765,1449,808,37,407,1003,711,955,936,1707,1261,1335,939,729,1137,1793,496
SKU-79,1102,760,616,528,826,407,476,528,456,413,423,850,541,512,508,506,448,420,511,586,462,598,366,296,40,100,882,246,277,446,593,486,496,556,256,484,60,78
SKU-80,1894,3038,2134,1588,1998,1484,1708,1904,1712,1328,1570,2864,2950,2504,1664,1548,1078,1254,1314,1742,1812,1086,1322,918,46,1774,1334,1678,1600,1306,1642,1458,1616,816,1130,2044,1244,892
SKU-81,1877,1416,1049,713,1115,669,933,1105,931,931,1321,1173,775,1903,535,267,767,943,1160,779,635,1175,1189,857,39,225,2089,825,1537,839,1523,1579,1476,941,1081,1073,457,157
SKU-82,1106,954,1158,392,858,674,592,716,478,410,530,964,614,1146,206,522,246,470,698,238,370,526,358,246,54,490,526,258,666,398,676,398,454,414,362,318,218,386
SKU-83,14,14,14,14,14,14,14,14,14,14,14,14,20,38,50,20,35,32,14,59,14,14,623,121,14,14,41,236,376,951,512,176,998,1038,753,1647,1526,908
SKU-84,42,42,42,42,42,42,42,42,42,42,42,44,48,55,48,74,106,978,104,129,67,66,1175,264,42,96,217,9986,5731,3039,2152,900,9135,2189,7102,9213,2168,2090
SKU-85,10,10,10,10,10,10,10,10,10,10,10,10,10,10,10,10,10,10,10,10,10,10,10,10,10,10,10,10,10,10,498,10,190,874,3838,6406,10,10
SKU-86,220,200,811,640,552,444,580,538,675,442,332,744,484,136,370,360,244,684,314,372,552,384,368,124,52,132,153,190,288,280,352,386,314,330,437,288,96,182
SKU-87,36,36,36,36,36,36,36,36,36,36,36,36,36,36,36,36,36,36,36,36,36,36,36,36,36,36,36,36,36,36,36,36,36,36,36,192,641,52
SKU-88,3698,4291,1651,2412,3193,1715,2441,2753,2230,2349,1718,3180,3833,2955,2316,1425,1283,1425,1589,1935,1294,1704,1557,1446,40,1502,1674,1332,1890,1313,1452,1926,2285,954,1502,1533,1050,775
SKU-89,2198,1158,1206,1134,1258,1198,922,1546,1014,1074,954,1982,1234,1006,950,1126,950,698,826,1054,818,614,854,322,46,168,478,394,522,422,630,534,764,720,438,1246,210,166
SKU-90,437,578,449,176,288,508,390,450,165,86,209,362,241,85,342,149,78,213,88,162,186,101,104,121,35,108,146,157,116,220,226,156,298,169,183,325,183,124
SKU-91,220,354,125,248,57,457,227,227,135,122,54,208,144,105,176,83,84,180,110,171,154,28,184,47,22,42,63,45,53,35,172,177,151,85,110,126,60,46
SKU-92,21,21,21,70,356,269,63,79,324,225,120,299,247,305,258,223,137,316,253,332,218,68,109,92,21,43,173,120,133,98,220,216,169,158,236,79,76,47
SKU-93,45,45,45,189,644,349,389,663,298,203,222,435,397,428,250,286,267,453,332,549,337,245,235,90,45,84,53,384,277,179,371,167,203,297,361,147,92,81
SKU-94,13,13,13,13,13,13,13,13,13,61,34,261,114,33,78,39,43,41,62,79,37,21,57,38,13,25,37,81,56,98,71,70,42,38,77,92,22,13
SKU-95,49,44,34,18,18,18,76,57,50,42,38,25,79,27,55,27,33,57,47,45,38,54,92,30,18,34,36,57,75,28,30,49,34,18,32,37,18,22
SKU-96,11,11,11,11,11,11,11,11,11,11,11,227,119,26,65,122,35,41,41,95,53,17,59,47,11,23,35,89,95,47,29,53,95,47,83,89,89,71
SKU-97,1528,577,493,1459,1191,1449,1086,1811,1508,837,701,1187,979,1327,984,627,731,685,1185,1443,1519,627,888,561,29,475,1107,285,746,64,741,1687,721,841,755,837,560,208
SKU-98,658,386,636,356,335,1007,518,802,627,392,453,583,672,534,458,602,344,502,608,673,689,390,523,391,38,242,492,334,426,354,262,296,619,432,548,398,206,114
SKU-99,18,18,18,18,18,18,18,18,18,64,64,62,32,72,56,100,80,50,46,69,64,30,32,42,18,18,34,58,68,30,18,30,38,46,44,56,44,18
SKU-100,91,11,171,171,99,11,99,187,327,115,227,11,211,603,11,491,299,11,39,51,27,51,27,27,11,11,43,131,11,239,411,11,211,43,519,411,11,11
SKU-101,25,25,25,25,25,25,25,25,25,25,25,25,25,25,25,25,25,25,25,25,25,25,25,25,25,25,25,107,25,273,189,555,547,709,65,1013,339,33
SKU-102,20,20,20,20,20,20,20,20,20,20,20,20,20,20,20,20,20,20,20,20,20,20,20,20,20,20,20,20,20,118,149,72,30,286,224,281,226,83
SKU-103,492,674,412,147,340,346,451,324,391,220,255,389,268,321,321,363,47,436,409,416,456,247,213,149,11,346,282,268,303,360,278,367,249,172,208,389,174,56
SKU-104,732,631,361,311,327,450,480,599,359,324,226,478,475,496,383,396,321,394,469,561,433,217,323,239,21,217,481,311,289,379,524,287,379,233,501,426,334,58
SKU-105,219,223,378,230,246,175,296,202,152,87,132,337,155,219,138,282,146,118,261,222,158,159,151,113,29,144,280,116,246,184,245,91,266,134,179,124,158,70
SKU-106,2080,2270,1810,814,1942,1940,2125,2777,2866,2204,1422,6672,3334,2830,2818,1321,1137,2096,1130,2067,2163,1316,1960,1596,16,1073,1272,1326,1474,1568,1090,1902,2472,1314,1602,3286,890,326
SKU-107,810,1230,891,751,724,906,702,1166,907,892,545,1308,1345,759,912,989,370,838,345,747,569,368,453,648,40,102,320,256,529,216,595,468,352,308,502,734,197,56
SKU-108,255,1655,777,275,1389,1011,1073,1709,1465,1275,893,2335,1955,1121,1355,1365,571,909,1135,1379,1267,1083,1141,1089,35,915,1339,819,1115,1143,1425,1103,1619,687,1365,1767,1097,159
SKU-109,32,392,380,248,252,996,316,546,264,244,422,432,348,524,376,224,300,340,260,432,444,404,266,280,224,108,314,178,384,408,238,412,272,1128,496,176,400,24
SKU-110,84,32,88,44,32,168,106,32,102,220,170,100,32,56,52,48,548,32,32,100,144,32,82,280,32,68,32,84,356,176,40,56,36,42,68,838,52,32
SKU-111,236,481,378,291,210,683,540,684,415,538,214,947,327,306,494,530,356,517,659,487,516,681,616,378,29,279,268,149,321,291,201,406,285,335,904,441,471,89
SKU-112,34,102,45,18,20,40,18,24,18,56,24,38,33,32,33,30,18,18,18,18,26,98,68,18,18,78,18,20,18,54,18,21,18,22,56,34,27,18
SKU-113,898,735,1291,827,441,681,567,1548,1568,651,531,1637,762,1205,1381,741,645,1995,1253,1368,1949,1255,1389,721,19,498,667,260,575,387,383,441,611,901,1581,1394,673,171
SKU-114,58,40,53,70,48,48,53,76,79,48,54,38,94,76,38,38,46,50,38,62,83,50,78,70,38,58,50,70,38,82,44,52,64,66,46,52,64,38
SKU-115,48,125,136,78,70,46,94,67,40,246,104,56,36,156,176,128,136,88,138,123,169,74,87,146,36,94,130,85,238,43,96,120,129,86,92,124,64,46
SKU-116,31,33,23,31,27,35,25,23,47,23,23,23,23,39,53,23,31,39,23,23,51,47,23,23,23,23,39,27,27,23,23,23,23,53,43,207,23,23
SKU-117,32,47,38,44,32,92,41,47,44,107,44,38,269,32,38,32,53,32,35,32,32,62,32,32,32,32,50,32,47,44,59,32,32,32,38,35,32,32
SKU-118,4,4,4,4,4,4,4,4,4,4,4,4,4,4,4,16,4,10,10,4,4,4,10,4,4,4,4,12,4,4,4,4,4,4,4,4,14,4
SKU-119,34,34,34,34,34,34,34,34,34,34,118,54,44,506,346,83,97,54,34,34,38,34,256,190,34,378,474,146,168,124,70,70,265,175,35,228,76,52
SKU-120,1128,1064,1136,1820,888,544,380,512,528,256,239,1160,1462,1768,1496,856,352,980,211,256,652,184,1336,500,12,1020,2708,680,208,12,264,172,864,1024,396,920,12,12
SKU-121,1878,2438,1530,1090,750,1594,866,1074,1462,486,710,2546,3694,2202,2322,870,962,1583,438,738,814,1174,2214,654,30,1662,1166,778,1245,1382,1525,90,1678,1320,1922,2846,1370,454
SKU-122,142,782,521,461,406,352,298,442,200,425,198,586,714,498,326,414,334,511,206,268,152,358,202,220,22,177,518,573,572,362,382,330,276,341,322,606,294,22
SKU-123,1259,1441,1609,1129,484,546,336,552,519,378,346,1265,1375,845,1271,821,462,439,182,386,528,311,477,789,35,1614,1511,281,766,680,345,529,851,794,631,1543,779,663
SKU-124,5648,3984,3132,1763,1224,1238,1186,1571,1568,1098,3537,8256,8997,3683,2648,1415,444,1207,858,1232,830,3247,5868,5248,31,11701,5867,3151,2256,2401,1175,1889,4504,6271,8944,14739,3500,2286
SKU-125,1073,3597,6025,2399,1287,1043,433,1235,3375,3819,1563,2569,2367,3859,4921,6929,2451,1335,717,6537,5751,2985,2395,1941,23,11959,7887,1673,4785,2881,3527,12073,10295,3869,5581,5939,2461,3035
SKU-126,424,684,127,144,82,140,148,462,170,269,98,348,232,32,80,118,38,76,32,108,104,46,50,47,32,139,120,295,52,32,58,80,112,268,628,628,248,172
SKU-127,2124,920,1324,752,228,344,177,427,883,937,915,1445,1314,1314,869,385,202,216,339,603,1948,447,1117,708,29,1917,1181,847,425,449,313,399,988,742,1181,2519,725,481
SKU-128,21,21,89,1089,438,297,79,21,589,122,257,403,193,194,293,259,253,414,241,482,537,562,438,281,21,45,101,77,25,21,37,21,21,21,613,545,173,73
SKU-129,2790,1096,238,266,372,46,48,142,1366,120,94,1254,966,166,308,192,118,1052,46,166,142,174,130,94,22,46,142,644,1054,342,952,70,2396,1582,96,94,46,22
SKU-130,149,154,65,17,331,77,185,77,209,77,161,281,233,149,125,150,822,63,137,257,17,5,65,53,5,5,17,101,113,5,41,53,5,5,5,5,5,5
SKU-131,1772,1076,1246,1486,1318,92,44,20,3276,1078,716,1896,860,1124,912,1126,3518,660,764,1244,684,668,2636,392,20,212,580,1124,876,818,436,884,98,32,20,1028,524,92
SKU-132,5599,4125,3818,3989,4283,4381,3823,6612,5737,2887,3175,5795,3836,3861,4987,4130,2789,4679,3331,5541,5603,4867,4682,2718,55,1885,3649,3131,4228,3720,4103,5580,8191,7945,6211,6431,2233,1015
SKU-133,6785,6789,6390,5808,7710,5692,7058,6009,5377,6238,4382,7386,6585,6536,8042,5290,5168,6593,5492,7137,9745,7290,6771,5723,61,2979,5911,6064,7361,6696,6931,9305,12181,9028,8749,8413,2761,1589
SKU-134,1912,1630,2044,1245,1866,1451,2268,1330,2474,1838,952,1972,1458,1278,2058,1370,1207,2055,1277,2130,2854,1608,1860,5132,32,800,1314,1434,1862,2263,1990,2148,3115,3287,2404,2440,878,418
SKU-135,157,1049,949,109,589,229,205,517,349,853,253,709,637,445,157,665,377,697,589,565,325,301,181,709,13,37,229,13,85,925,565,373,281,349,997,853,13,13
SKU-136,1965,2067,1893,1587,1983,1644,2322,3408,2847,1860,1941,3312,1605,2136,1989,1299,2016,3252,1488,1989,2520,1716,870,1314,21,525,1263,1032,1509,1158,1113,21,21,21,2013,3567,885,453
SKU-137,28,28,28,28,28,28,28,28,28,28,28,28,28,28,28,28,268,2851,1282,868,3968,3471,1121,1310,28,788,2820,1821,1976,3396,3724,5336,4890,428,28,4388,1608,1772
SKU-138,427,599,467,507,187,447,339,327,619,295,235,565,551,575,567,339,341,219,299,415,456,243,255,218,3,443,56,55,143,199,639,451,731,183,623,590,67,35
SKU-139,688,523,318,774,267,374,630,286,617,410,256,488,498,464,518,508,258,578,254,735,286,274,164,182,114,198,190,78,270,815,318,188,498,782,550,928,114,192
SKU-140,3853,4377,3265,3515,3241,3391,3042,4417,4089,2868,2262,5290,4153,3665,3927,2740,2591,4102,2628,4304,5084,3480,3637,2472,41,3935,4171,3330,5131,5174,3594,3321,5401,5443,4293,5705,1807,1073
SKU-141,2894,3064,2494,2226,2866,2522,1290,3108,2554,1808,2410,3420,2534,3156,3362,2434,1394,2012,1882,3330,2570,1386,3422,1444,50,1794,992,1222,2761,2184,2378,2558,4108,3406,1982,3738,1074,1154
SKU-142,12,12,102,12,12,12,12,12,12,12,12,30,30,102,12,12,48,66,12,39,48,48,84,12,12,12,66,30,48,45,30,12,48,93,84,12,12,12
SKU-143,20,20,308,864,20,140,284,68,20,44,20,236,68,116,116,44,324,48,44,92,140,44,20,20,20,20,116,44,92,116,116,44,116,476,116,164,32,20
SKU-144,784,652,662,363,214,350,258,248,198,171,252,624,576,718,466,218,310,414,236,172,444,176,344,332,46,341,70,58,46,394,224,280,336,230,452,578,250,92
SKU-145,22,22,22,22,26,122,218,194,98,630,64,496,898,814,1264,382,176,1546,328,152,142,40,1444,64,22,142,938,238,124,382,94,70,136,106,22,650,120,112
SKU-146,13,13,1733,237,533,353,573,489,353,357,193,2225,2430,2431,1396,722,836,730,478,493,397,487,1195,430,13,1435,883,704,985,1068,713,157,832,685,1315,1454,13,166
SKU-147,3684,3582,3992,2737,3083,2440,1435,2273,3258,3053,2314,6259,7000,3653,1620,857,1561,1245,610,469,874,601,1748,1019,44,905,619,621,964,996,443,518,1086,910,750,1958,770,230
SKU-148,2173,1466,1620,1010,1082,758,353,986,687,505,282,1638,1231,1478,1534,805,598,1090,295,30,956,410,930,96,24,726,1210,513,1335,991,1034,326,1187,1140,1238,1513,951,360
SKU-149,4691,4919,4791,4258,3127,2331,1964,2514,2927,853,1126,4500,4816,5195,3625,1813,3075,2913,1779,1957,2161,1783,2553,2381,29,3724,3254,1111,2521,2563,2203,1307,3105,2627,2089,4800,2949,1333
SKU-150,4249,3868,3700,2294,1634,2154,1342,1952,1738,1124,968,3064,3736,2970,3294,2321,3330,2814,1912,1732,2568,1460,4142,1168,50,1824,2188,2524,3546,2363,1836,1871,4664,2638,3146,5704,1248,484
SKU-151,3857,4114,3250,1237,1203,1105,2109,2239,1511,969,1042,2093,2533,1583,7186,5193,6690,5952,4385,5600,5837,8346,23369,6135,47,3705,4832,3769,5966,4624,3602,3866,11670,12189,10914,21441,3745,1615
SKU-152,2235,1856,2121,1291,962,1095,1301,1152,1106,382,999,2050,2373,4556,1562,1174,565,1470,978,745,1208,186,912,354,30,208,2554,635,953,1145,992,895,976,784,1268,2172,1638,132
SKU-153,15,155,363,7,7,7,95,39,7,7,7,123,51,139,135,15,15,7,7,63,23,129,7,55,7,7,15,7,7,7,7,7,7,311,111,63,31,7
SKU-154,23,23,23,23,23,121,39,30,97,91,94,117,96,135,113,53,81,70,47,24,139,144,240,31,23,27,41,35,122,159,175,99,347,357,88,239,67,31
SKU-155,29,29,29,29,29,125,65,74,95,50,103,43,75,35,69,47,38,50,47,33,113,217,79,79,29,103,89,53,187,109,74,87,95,113,150,79,121,113
SKU-156,43,43,43,43,43,43,43,43,43,43,43,43,43,43,43,43,43,43,43,43,43,43,43,43,43,43,43,43,43,43,235,115,115,139,263,395,99,75
SKU-157,62,62,62,82,366,672,608,515,819,1144,782,902,1335,1689,1014,486,497,936,320,327,679,607,659,194,62,916,612,476,543,491,560,292,475,528,793,831,545,338
SKU-158,50,50,50,196,393,268,301,163,631,482,369,366,291,371,258,244,136,177,126,208,252,204,196,99,50,94,87,122,136,122,158,121,153,159,187,197,118,94
SKU-159,185,204,86,31,106,102,126,99,199,128,105,134,128,89,136,131,199,46,35,56,60,87,79,49,31,41,58,42,74,92,45,91,106,71,89,73,45,49
SKU-160,30,30,550,426,437,597,465,495,708,869,509,1398,943,519,1134,886,594,272,517,342,460,543,368,255,30,135,274,162,689,586,591,673,1126,838,819,929,241,306
SKU-161,701,171,211,95,563,278,373,381,672,378,327,840,477,295,407,545,599,299,251,285,489,401,319,150,19,92,247,236,415,509,493,413,845,549,519,780,198,367
SKU-162,19,19,19,19,19,19,19,19,19,19,19,19,19,19,19,19,19,19,19,19,19,19,19,19,19,19,19,19,19,19,19,19,19,19,19,283,185,205
SKU-163,52,52,52,52,52,52,52,52,52,52,52,52,52,52,52,52,52,52,52,52,52,52,52,52,52,52,52,52,52,52,52,52,52,52,52,108,284,76
SKU-164,27,27,27,27,27,27,27,27,27,27,27,27,27,27,27,27,27,27,27,27,27,27,27,27,27,27,27,27,27,27,27,27,27,27,27,165,164,113
SKU-165,50,50,50,149,321,342,313,572,490,620,330,644,281,644,345,251,286,274,260,271,334,219,345,192,50,134,202,155,297,242,412,362,567,210,369,346,139,130
SKU-166,36,36,36,204,392,330,376,582,764,680,350,557,495,396,329,254,269,250,218,229,184,176,356,148,36,128,92,108,211,183,368,245,397,324,466,434,168,100
SKU-167,605,595,997,588,337,537,458,389,688,586,579,898,555,674,446,277,483,376,265,530,412,322,279,180,49,189,217,122,238,309,308,113,308,266,314,197,105,151
SKU-168,178,260,394,162,96,114,178,206,130,246,266,400,302,464,132,92,69,116,102,46,136,214,74,72,36,36,114,60,80,150,99,60,102,78,108,88,60,52
SKU-169,14,14,14,14,14,14,14,14,14,14,14,14,14,14,14,14,14,14,14,14,14,14,14,14,14,14,14,14,14,14,246,474,661,264,613,497,69,162
SKU-170,44,44,44,44,44,44,44,44,44,44,44,44,44,44,44,44,44,44,44,44,44,44,44,44,44,44,44,44,44,44,44,326,512,676,552,968,147,140
SKU-171,32,32,32,32,32,32,32,32,32,32,32,32,32,32,32,32,32,32,32,32,32,32,32,32,32,32,32,32,32,32,242,32,734,231,439,647,118,116
SKU-172,38,38,38,38,38,38,38,38,38,38,38,38,38,38,38,38,38,38,38,38,38,38,38,38,38,38,38,38,38,38,38,38,38,38,38,38,38,134
SKU-173,1614,1606,1788,1100,1716,1112,905,820,2660,1494,944,1631,1421,1173,1236,640,705,784,730,1418,1320,1362,1000,462,38,218,438,478,789,1044,719,1246,1416,1502,892,1628,350,486
SKU-174,29,29,29,29,29,29,29,29,29,29,29,29,29,29,29,29,29,29,29,29,29,29,29,29,29,29,29,29,29,49,33,141,75,41,75,41,29,45
SKU-175,13,13,13,13,13,13,13,13,13,13,13,13,13,13,13,13,13,13,13,13,13,13,13,13,13,13,13,13,13,37,13,121,142,21,56,77,37,13
SKU-176,12,12,12,12,12,12,12,12,12,12,12,12,12,12,12,12,12,12,12,12,12,12,12,12,12,12,12,12,12,12,12,22,25,16,12,32,36,12
SKU-177,22,22,22,22,22,22,22,22,22,22,22,22,22,22,22,22,22,22,22,22,22,22,22,22,22,22,22,22,22,72,68,36,88,102,90,118,34,22
SKU-178,52,52,52,52,52,52,52,52,52,52,52,52,52,52,52,52,52,52,52,52,52,52,52,52,52,52,52,52,52,52,52,52,52,52,501,1032,220,188
SKU-179,54,54,54,54,54,54,54,54,54,54,54,54,54,54,54,54,54,54,54,54,54,54,54,54,54,54,54,54,54,54,216,54,127,234,540,282,176,122
SKU-180,15,15,15,15,15,15,15,15,15,15,15,15,15,15,15,15,15,15,15,47,31,55,47,15,15,15,23,15,39,27,23,15,47,59,15,39,15,31
SKU-181,25,25,25,25,25,25,25,25,61,49,43,97,37,37,67,43,25,37,55,25,49,31,37,49,25,25,37,25,41,31,34,61,25,28,25,291,25,43
SKU-182,17,145,395,179,133,101,191,177,231,67,155,194,273,351,327,95,214,61,73,187,209,127,389,119,17,265,279,157,227,261,216,260,379,319,474,395,107,133
SKU-183,37,37,37,37,37,37,37,37,37,37,37,37,37,37,37,37,37,37,37,85,101,117,85,41,37,37,101,37,101,53,49,69,69,101,85,81,69,69
SKU-184,43,43,43,43,43,43,43,169,79,151,73,175,49,55,145,43,103,141,121,105,163,123,61,61,43,45,49,58,63,73,91,46,43,43,43,427,67,61
SKU-185,138,833,1336,429,280,339,308,434,783,485,397,1295,808,803,598,223,382,492,274,311,557,384,480,269,60,314,403,158,618,605,484,286,936,589,685,475,308,304
SKU-186,361,361,411,144,122,377,304,165,377,132,229,364,258,269,375,140,232,274,319,282,387,378,527,170,61,231,261,206,427,443,395,269,578,464,474,678,211,137
SKU-187,55,55,55,55,55,55,55,135,63,75,71,71,63,63,59,59,79,75,73,58,63,67,59,55,55,55,66,55,55,55,65,71,55,63,55,63,55,71
SKU-188,17,17,17,17,17,17,17,17,17,17,17,17,17,17,17,17,17,17,17,57,131,91,65,17,17,17,57,17,17,59,129,133,61,97,57,82,57,29
SKU-189,42,42,42,42,42,42,42,42,42,42,42,42,42,42,42,42,42,42,206,126,212,290,125,51,42,62,110,128,110,292,122,196,277,166,188,242,156,106
SKU-190,65,65,65,65,65,65,65,65,65,681,1289,1746,1497,1015,971,359,432,721,417,551,805,959,669,1015,65,523,459,553,405,653,585,639,1004,787,911,1589,409,351
SKU-191,12,12,12,12,12,12,12,12,12,12,12,12,12,12,12,12,12,12,12,48,12,30,12,48,12,12,12,21,21,21,30,30,30,12,30,57,12,66
SKU-192,35,35,35,35,35,35,35,35,35,35,35,35,35,35,35,35,35,35,51,139,195,107,121,93,35,35,45,59,35,51,67,43,127,35,35,35,83,51
SKU-193,39,39,39,39,39,39,39,39,39,39,39,39,39,39,39,39,39,39,213,141,173,205,93,115,39,51,73,87,65,141,81,155,235,153,123,368,89,91
SKU-194,61,61,61,61,61,61,61,61,61,61,509,1282,1473,1492,1927,394,553,722,849,810,844,793,609,664,61,367,307,497,590,848,610,684,1280,862,515,920,300,269
SKU-195,47,47,47,47,47,47,47,47,47,47,47,47,47,47,47,47,47,47,65,47,55,69,133,63,47,163,89,131,83,91,48,64,97,75,131,79,95,63
SKU-196,32,32,32,32,32,32,32,32,32,192,264,912,910,774,646,460,457,402,232,448,418,566,546,438,32,1036,522,288,396,668,474,325,500,312,828,843,434,404
SKU-197,21,21,21,21,21,21,21,21,21,21,21,21,21,21,21,21,21,21,21,21,277,285,141,93,21,45,125,73,29,85,221,99,181,333,109,333,69,109
SKU-198,28,28,28,28,28,28,28,28,28,28,28,28,28,28,260,148,44,28,252,602,534,476,236,230,28,88,177,140,112,244,232,438,732,536,584,1142,194,300
SKU-199,29,29,29,29,29,29,29,29,29,503,910,3308,2485,1982,1087,888,1485,796,1057,1080,1764,1825,1838,867,29,1283,1003,779,1058,1378,1617,1915,2522,1797,1772,3106,1281,857
SKU-200,29,29,29,29,29,29,29,29,29,29,29,29,29,29,29,29,29,29,29,29,29,29,29,29,29,29,29,29,29,29,29,471,397,610,650,907,239,161
SKU-201,42,42,42,42,42,42,42,42,42,42,42,42,42,42,42,42,42,42,42,42,42,42,42,42,42,42,42,42,42,42,42,426,298,390,368,350,188,122
SKU-202,26,26,26,26,26,26,26,26,26,26,26,26,26,26,26,26,26,26,26,26,26,26,26,26,26,26,26,26,26,26,26,182,298,190,340,587,134,114
SKU-203,313,485,627,583,425,405,409,205,513,141,945,427,255,221,401,345,269,297,409,333,545,321,273,129,25,97,333,309,221,117,521,249,337,277,429,341,133,101
SKU-204,40,40,40,40,40,40,40,40,40,40,40,40,40,40,40,40,40,40,40,40,40,40,40,40,40,40,40,40,40,40,96,342,198,300,295,559,145,124
SKU-205,38,38,38,38,38,38,38,38,38,38,38,38,38,38,38,38,38,90,154,316,530,248,243,272,38,197,538,504,256,532,538,386,1099,418,720,606,270,360
SKU-206,36,36,36,36,36,36,36,36,36,36,36,4314,7402,4418,4266,1625,3716,2804,3214,2636,16120,6576,6673,5818,36,3286,4906,4564,4672,3144,2897,2002,10298,2688,5508,7860,2270,2448
SKU-207,18,18,18,18,18,18,18,18,18,18,18,18,18,18,18,18,18,18,18,108,21,198,114,501,18,18,168,252,117,189,97,63,234,27,174,321,36,84
SKU-208,41,41,41,41,41,41,41,41,41,41,41,41,41,41,41,41,41,41,41,41,41,41,41,41,41,41,41,41,41,41,167,77,189,99,369,365,211,263
SKU-209,27,27,27,27,27,27,27,27,27,27,27,27,27,27,27,27,27,27,27,27,27,27,27,27,27,27,179,513,575,933,933,807,754,483,801,919,139,617
SKU-210,47,47,47,47,47,47,47,47,47,47,47,47,47,47,47,47,47,47,215,491,389,437,209,269,47,173,251,257,407,629,575,455,917,389,911,629,347,503
SKU-211,43,43,43,43,43,43,43,43,43,43,43,2971,2895,1443,4043,533,1576,1748,1159,1447,4681,3799,3067,3045,43,918,1825,1245,1919,2289,3173,5665,5277,1827,3049,3849,1059,1921
SKU-212,21,21,21,21,21,21,21,21,21,21,21,21,21,21,21,21,21,102,21,255,255,237,66,381,21,123,282,240,186,330,144,189,336,102,291,336,120,159
SKU-213,16,16,16,16,16,16,16,16,16,16,16,16,16,16,16,16,16,16,16,16,16,16,16,16,16,48,16,736,16,16,16,16,16,16,16,16,16,16
SKU-214,460,583,777,48,64,95,108,56,82,298,70,219,183,160,418,156,68,49,52,104,28,90,136,129,24,111,516,66,80,64,117,64,42,126,179,308,88,102
SKU-215,524,367,300,275,193,201,145,81,131,104,499,384,228,531,397,125,49,75,71,45,43,35,829,635,35,207,219,237,47,174,207,119,86,331,215,439,250,813
SKU-216,1164,750,2073,740,386,154,58,17,80,908,131,1221,1064,1315,2725,677,377,197,17,17,18,5381,2053,2474,17,4434,4639,209,1297,45,97,845,758,2981,1601,1049,209,313
SKU-217,579,766,630,88,75,113,160,98,61,285,45,227,514,467,199,237,142,131,91,99,61,93,331,145,37,337,73,39,43,37,37,37,37,85,617,384,175,125
SKU-218,184,91,59,28,28,89,81,66,40,28,28,198,382,42,28,28,28,28,28,28,28,68,31,40,28,216,28,28,28,28,28,28,28,28,374,182,172,28
SKU-219,94,266,109,54,94,150,70,114,142,126,86,146,174,158,170,98,156,154,194,154,158,134,102,110,42,270,131,231,174,74,330,242,118,354,246,226,162,138
SKU-220,1023,1048,1409,630,553,1862,438,461,863,995,450,1216,915,1027,873,795,641,596,435,559,663,591,740,368,43,1525,1248,1012,1963,783,1545,611,963,1449,1144,844,791,675
SKU-221,391,827,367,400,299,432,349,111,991,390,289,584,357,221,697,309,273,369,129,180,393,141,398,789,45,253,419,287,717,609,624,353,404,873,540,448,229,209
SKU-222,80,196,688,160,172,112,80,16,1872,598,1144,664,256,208,982,136,612,80,493,504,444,652,708,260,16,48,144,311,332,412,788,388,1231,772,664,1460,52,564
SKU-223,44,32,74,74,20,44,32,20,20,210,20,188,83,38,87,50,32,52,116,132,80,52,176,200,20,20,63,52,28,76,132,52,120,76,28,20,20,20
SKU-224,304,565,1016,395,425,973,653,3337,1137,1666,1609,1649,569,685,3847,821,733,1118,1225,1091,2330,2555,3046,1957,19,343,1061,855,1507,2776,3083,1909,3463,5707,1255,955,221,681
SKU-225,1093,871,1859,575,483,1473,1701,3467,5785,2539,2285,7929,1169,835,8245,507,897,2079,1863,1091,3227,3729,4813,3125,39,663,1481,2569,3005,2935,8167,4267,8075,10545,3473,3251,619,543
SKU-226,354,289,609,150,243,434,334,562,1085,685,517,1662,350,265,1698,195,541,627,517,474,769,990,1387,1062,37,137,462,457,741,1101,1430,808,1550,2053,613,843,69,197
SKU-227,32,32,32,32,32,32,32,32,32,32,32,32,32,32,32,32,32,32,32,32,32,464,112,32,32,32,96,36,128,80,128,44,672,348,64,32,32,64
SKU-228,32,32,32,32,32,32,32,32,32,32,32,32,32,32,32,32,32,32,32,38,50,44,56,32,32,32,68,44,68,176,32,116,380,104,32,32,32,32
SKU-229,20,20,20,20,20,20,20,20,20,20,20,20,20,20,20,20,20,20,20,20,120,132,84,64,20,20,100,164,716,366,566,500,516,596,308,112,148,148
SKU-230,542,707,508,379,280,219,240,171,257,167,112,362,515,344,371,195,252,218,194,144,140,68,294,126,28,192,65,48,68,48,126,160,114,270,258,681,306,114
SKU-231,181,435,373,137,165,171,132,159,114,73,93,219,239,117,539,171,217,135,63,173,125,122,279,69,51,123,83,51,51,51,81,69,147,237,255,315,73,107
SKU-232,399,297,531,181,101,145,416,123,467,109,105,212,249,283,517,97,207,179,91,187,91,121,367,55,49,93,65,49,49,49,117,117,211,346,227,189,57,109
SKU-233,863,536,410,184,104,128,284,200,282,516,217,559,396,274,186,88,118,254,184,104,64,154,277,130,64,304,116,64,64,64,64,64,275,664,1011,1655,882,168
SKU-234,251,320,303,171,249,230,240,169,292,156,175,578,641,135,377,157,313,149,179,205,267,187,159,441,35,277,247,165,191,249,363,131,387,117,237,371,93,159
SKU-236,4,4,4,4,4,4,4,4,4,4,4,4,4,4,4,4,4,4,4,4,4,4,4,4,4,4,4,64,164,40,110,224,136,96,52,84,12,32
SKU-237,1365,939,1137,535,848,535,455,513,590,553,504,1334,1285,1203,818,618,512,532,680,619,486,410,493,586,25,651,591,459,311,70,650,636,479,235,499,401,204,97
SKU-239,37,37,37,37,37,37,37,37,53,37,37,37,37,55,61,67,286,37,37,37,37,229,229,1359,37,85,1957,45,67,297,57,195,893,57,505,111,105,53
SKU-240,24,24,24,24,24,52,34,99,90,40,24,1192,1006,84,392,88,90,80,24,24,24,24,180,478,24,137,1072,144,552,610,136,972,1688,344,322,164,280,64
SKU-241,89,43,57,57,79,57,49,85,59,39,47,93,65,67,53,49,43,51,77,59,63,35,51,37,17,17,19,41,53,41,63,83,73,55,57,37,25,47
SKU-243,672,729,597,447,588,246,450,450,441,432,324,576,387,408,441,285,312,234,258,348,288,207,321,213,24,210,144,192,174,171,258,336,372,318,129,228,150,138
SKU-244,40,40,40,40,40,40,40,40,40,40,40,40,40,40,40,40,40,40,40,40,82,304,72,88,40,294,84,122,146,200,104,148,194,207,342,296,158,70
SKU-245,19,19,19,19,19,19,19,19,19,19,19,19,37,181,325,133,19,19,316,19,19,19,19,115,19,205,157,283,19,247,325,229,145,211,55,181,37,22
SKU-246,16,16,16,16,16,16,16,16,16,16,16,16,44,145,65,65,83,16,16,16,16,16,16,52,16,70,60,82,22,92,103,77,86,48,38,22,16,16
SKU-248,2187,1227,1219,619,643,611,435,699,411,439,1003,1131,363,2755,1043,427,563,539,211,787,299,1051,571,1019,27,1891,1171,375,379,527,803,347,963,627,339,667,1211,99
SKU-250,341,569,525,737,821,551,515,673,573,495,639,1057,885,607,799,373,465,583,547,587,359,441,457,195,37,431,361,321,435,457,379,551,841,419,433,337,121,141
SKU-251,2484,1662,1008,732,1707,987,1485,1284,1002,1092,1038,2013,1761,1254,918,834,1170,792,615,819,597,774,1077,888,30,486,381,492,570,732,648,840,900,567,582,900,354,267
SKU-252,677,587,677,905,605,521,593,1073,758,398,407,551,437,515,515,689,440,308,491,521,539,395,242,263,17,311,461,353,593,83,635,431,359,293,299,269,284,95
SKU-253,882,1218,757,406,627,425,374,592,452,401,510,617,524,566,346,256,174,252,433,158,436,229,163,337,10,203,332,10,572,262,283,262,154,96,356,14,10,22
SKU-254,22,22,22,22,22,22,22,22,22,22,22,22,22,628,324,320,229,126,160,241,184,238,163,285,22,187,185,332,454,30,317,231,104,253,102,100,117,81
SKU-255,1875,1107,1853,2001,1923,1633,2532,2089,1997,1416,1117,3097,1347,1389,1667,855,1607,1433,1933,2163,1525,849,1405,809,19,193,699,587,969,909,1979,1245,1943,1341,1383,1603,633,1601
SKU-256,2619,2141,1941,1875,1809,2127,1685,1583,1564,1404,1095,2171,1327,1429,1727,869,1383,1289,1207,1464,1039,909,1383,659,21,489,745,341,1405,967,1293,1781,1369,1517,837,981,495,1379
SKU-257,1741,1486,1171,707,1107,1103,1431,1042,765,654,486,1722,1209,1220,1009,907,927,881,864,1318,1031,375,987,289,41,301,661,703,775,895,1145,1283,1074,677,1007,1009,514,583
SKU-258,2626,1952,6084,2878,2596,2180,4082,2094,5144,3773,1879,2923,2034,2291,1874,1431,1328,1667,1137,1844,2830,2577,4944,1454,36,626,671,564,1310,1177,1049,1286,1352,1289,2616,1422,535,713
SKU-259,43,43,43,43,43,43,43,43,43,43,43,43,43,43,43,43,43,43,43,43,43,43,43,43,43,163,2277,1063,1061,1267,1516,1273,2201,922,1075,1800,792,876
SKU-260,31,31,31,31,31,31,31,31,31,31,31,31,31,31,31,31,31,31,31,31,31,31,31,31,31,111,493,327,341,385,455,281,617,289,387,721,309,111
SKU-261,41,41,41,41,41,41,41,41,41,41,41,41,41,41,41,41,41,41,41,41,41,41,41,41,41,41,41,41,41,1185,2055,3093,3657,2837,2835,2863,3055,1534
SKU-262,10,10,10,10,10,10,10,10,10,10,10,10,10,10,10,10,10,10,10,10,10,10,10,10,10,10,22,126,98,266,150,124,299,111,192,262,18,158
SKU-263,24,136,800,336,384,256,464,554,260,356,342,796,1108,440,1680,600,560,524,874,1322,1234,1334,1102,1466,24,1674,774,908,1380,1304,2166,2142,1782,1382,2114,1716,792,1514
SKU-264,10100,7500,6820,5276,6204,5174,4404,5668,5742,4461,4614,16272,14432,22247,17334,10754,10829,7326,6692,12686,13882,12782,12653,12384,20,25754,15142,8216,11504,14066,15036,11874,21446,15794,16122,24004,13062,9622
SKU-265,15,15,15,15,15,15,15,15,15,15,39,36,55,69,48,318,39,15,60,72,57,81,90,48,15,98,57,33,156,135,151,105,219,93,165,234,33,81
SKU-266,11,11,11,11,11,11,11,11,11,11,11,11,11,11,11,11,11,11,11,11,11,11,11,11,11,11,11,99,83,131,225,107,303,171,227,19,11,475
SKU-267,32,100,164,80,216,168,360,272,264,100,248,276,464,520,236,180,308,228,156,320,556,404,524,452,28,696,1614,1252,436,928,448,570,1404,576,850,988,744,216
SKU-268,5043,4083,2667,3644,4003,2687,2588,2985,3121,2305,3089,6676,9291,8663,4555,3803,4155,4941,4409,9493,5302,5767,10645,10095,15,5527,7082,7459,5161,6274,7257,5345,11355,6459,7713,8373,6192,5108
SKU-269,166,160,176,470,222,295,559,362,353,400,450,539,840,298,822,403,398,333,586,549,493,387,532,356,38,444,487,271,450,310,671,481,483,237,322,566,312,167
SKU-270,443,793,737,311,293,377,509,427,377,409,429,881,591,615,969,525,667,475,603,729,743,587,689,397,25,467,849,461,255,795,1019,617,1099,251,563,721,633,271
SKU-271,3560,2494,3027,2843,2502,2767,4364,4092,4017,3136,4093,7211,7192,7203,4816,3623,4704,3396,7775,5508,5716,4503,5645,2411,29,1963,3035,3222,3423,3320,5697,6580,6867,6073,2143,4750,2785,3576
SKU-272,37,37,37,37,37,37,37,37,37,37,37,37,37,49,441,873,105,330,980,356,1120,385,658,247,37,133,361,186,529,409,525,558,602,309,544,650,339,261
SKU-273,11,11,11,11,11,11,11,11,11,11,11,11,11,11,11,21,65,35,83,53,140,87,99,76,11,69,108,137,85,21,77,44,135,106,70,31,11,44
SKU-274,33,33,33,33,33,33,33,33,33,33,33,33,33,189,828,420,408,306,624,570,528,474,474,318,33,384,525,702,321,84,567,429,264,201,528,381,33,231
SKU-275,1129,1981,2077,807,1125,889,1266,1176,699,1024,1262,1601,1625,1510,1036,803,741,516,694,720,523,557,341,335,47,321,891,399,831,373,271,1111,695,551,487,597,431,167
SKU-276,29,267,305,209,253,181,171,141,117,94,193,471,471,489,121,207,111,95,113,131,69,91,145,77,19,219,205,97,115,89,19,169,179,85,56,279,87,63
SKU-277,388,236,16,332,244,494,309,338,285,393,290,416,378,380,337,214,247,246,248,274,394,283,249,156,16,138,278,256,314,226,264,296,260,158,344,266,74,50
SKU-278,573,540,68,484,776,406,676,551,344,702,412,526,382,418,458,355,406,506,342,327,310,329,258,210,34,166,263,258,250,304,398,414,436,250,374,432,214,176
SKU-279,9,9,9,9,9,9,9,9,9,9,9,9,9,9,9,9,9,9,9,9,9,193,9,9,9,9,453,219,797,595,351,819,837,135,743,585,318,43
SKU-280,20,20,20,20,20,20,20,20,20,20,20,20,20,20,20,20,20,20,20,20,20,186,88,23,20,20,356,132,322,274,350,324,532,344,178,340,62,180
SKU-281,24,24,24,24,24,24,24,24,24,24,24,24,24,24,24,24,24,24,24,24,24,24,24,24,24,24,228,148,248,230,324,360,342,198,216,260,172,96
SKU-282,16,16,16,16,16,16,16,16,16,16,16,16,16,16,16,16,16,16,112,298,378,400,275,206,16,97,58,36,138,228,400,142,272,272,214,260,120,106
SKU-283,19,19,19,19,19,19,19,19,19,19,19,19,19,19,19,19,19,19,19,154,205,196,130,76,19,31,49,31,37,82,61,133,151,91,55,73,37,43
SKU-284,14,14,14,14,14,14,14,14,14,14,14,14,14,14,14,14,14,14,14,14,14,252,135,103,14,124,92,59,142,53,204,135,138,139,121,145,26,18
SKU-285,24,24,24,24,24,24,24,24,24,24,24,24,24,24,24,24,24,24,95,132,124,98,66,52,24,32,34,31,67,53,67,64,43,35,43,51,45,32
SKU-286,17,337,133,87,35,179,137,233,75,103,123,179,163,191,109,57,21,137,17,17,243,161,141,125,17,43,193,133,37,117,17,53,185,19,17,17,17,49
SKU-287,931,923,219,435,739,507,187,419,691,123,259,867,851,1203,1163,483,1323,27,299,139,363,195,1331,355,27,987,859,27,1099,527,171,475,555,651,1003,35,27,27
SKU-288,24,24,24,32,160,24,26,73,43,59,27,222,156,508,164,148,94,86,40,54,146,106,196,46,24,556,26,24,88,84,26,74,132,28,128,86,84,24
SKU-289,508,208,308,224,290,146,176,220,106,118,70,322,508,280,292,144,114,140,58,132,138,154,88,78,24,78,194,102,106,183,116,158,234,204,120,524,214,138
SKU-290,4,4,4,4,4,4,4,4,4,4,34,664,634,292,184,70,19,52,136,34,112,40,88,28,4,955,145,70,40,76,154,40,94,70,118,121,88,154
SKU-291,353,614,323,9,25,11,65,133,53,65,27,255,245,97,41,5,263,97,21,5,17,91,735,9,5,413,79,21,65,5,61,21,157,209,189,173,17,49
SKU-292,393,276,977,178,215,316,575,131,258,72,166,740,700,830,556,480,212,256,170,220,190,180,458,168,20,1909,122,204,323,460,300,197,321,248,210,832,290,480
SKU-293,472,516,422,294,278,370,272,288,252,58,130,630,436,366,370,284,120,358,145,22,362,107,299,303,16,174,222,100,212,292,291,130,416,406,162,563,246,82
SKU-297,149,309,237,235,75,81,223,152,279,117,78,152,257,223,187,63,67,105,127,109,98,49,123,55,19,105,69,47,35,58,95,151,46,41,199,48,105,59
SKU-299,12,12,12,12,12,12,12,12,12,12,12,12,12,12,12,12,12,12,456,492,225,186,96,48,12,12,36,48,114,90,96,192,351,420,168,78,90,66
SKU-300,6,6,6,6,6,6,6,6,6,6,6,6,6,6,6,6,6,6,6,60,30,12,42,6,6,6,6,6,18,42,6,30,30,6,6,42,6,30
SKU-301,9,9,9,9,9,9,9,9,109,37,21,25,25,9,9,9,9,45,53,49,89,49,45,9,9,9,17,17,41,17,41,9,9,9,9,173,21,33
SKU-302,55,49,37,33,25,25,37,53,48,41,27,52,23,21,43,23,32,17,21,31,23,29,72,15,15,15,25,17,21,27,19,35,27,49,31,23,21,19
SKU-306,11,23,19,11,11,11,23,19,21,11,11,11,15,11,11,11,11,11,11,11,11,11,31,51,11,41,115,11,23,11,31,27,47,11,11,31,37,11
SKU-312,16,16,16,16,16,16,16,16,16,16,16,16,16,16,16,16,16,16,16,16,16,16,16,16,16,16,16,16,16,16,16,16,16,16,16,16,16,16
SKU-314,12,12,12,12,12,12,12,12,12,12,12,12,12,12,12,12,12,12,12,12,12,12,12,12,12,12,12,12,12,12,12,518,430,178,317,562,62,38
SKU-315,20,20,20,20,20,20,20,20,20,20,20,20,20,20,20,20,20,20,20,20,20,20,20,20,20,20,20,20,20,20,20,346,224,104,219,349,90,92
SKU-316,44,44,44,44,44,44,44,44,44,44,44,44,44,44,44,44,44,44,44,44,44,44,44,44,44,44,44,44,44,44,44,44,44,44,44,116,226,86
SKU-317,540,782,950,592,322,688,526,436,822,342,328,1144,324,436,550,240,340,134,240,218,320,180,380,72,4,80,112,72,222,172,188,52,8,4,4,4,4,268
SKU-318,14,14,14,14,14,14,14,14,14,14,14,14,14,14,14,14,14,14,14,14,14,14,14,14,14,14,14,14,14,14,230,361,244,98,106,107,44,14
SKU-319,44,44,44,44,44,44,44,44,44,44,44,44,44,44,44,44,44,44,44,44,236,380,332,170,44,200,296,248,440,356,440,302,482,332,425,467,275,131
SKU-320,25,25,25,25,25,25,25,25,25,25,25,25,25,25,25,25,25,25,25,35,441,411,121,133,25,35,71,85,111,60,81,53,71,81,48,131,27,57
SKU-321,43,43,43,43,43,43,43,43,43,43,43,43,43,43,43,43,43,43,163,459,391,475,259,283,43,59,147,147,239,147,243,267,339,231,279,483,59,227
SKU-322,33,33,33,33,33,33,33,33,33,33,33,33,33,33,33,33,33,33,33,33,161,297,269,173,33,57,201,213,273,193,283,185,283,279,359,337,295,133
SKU-323,100,60,76,36,12,52,52,28,12,12,108,12,32,20,92,36,12,108,12,12,12,12,28,12,12,12,12,12,12,12,12,12,12,12,12,12,12,12
SKU-324,513,484,517,254,104,579,218,221,376,380,333,151,163,72,56,98,82,50,222,82,168,39,16,10,10,10,10,10,10,10,40,84,52,22,56,138,58,10
SKU-325,71,183,75,237,175,173,189,71,337,63,55,155,99,125,287,79,123,39,55,15,7,87,23,7,7,7,7,7,7,7,7,7,7,7,7,7,7,37
SKU-326,2024,2084,1808,1208,732,1456,1654,1608,2068,1184,712,808,288,232,128,60,626,176,1356,220,20,32,4,4,4,4,4,4,4,4,20,4,192,44,84,364,44,44
SKU-327,17,17,17,17,17,17,17,17,17,17,17,17,17,17,17,17,17,17,17,17,17,17,17,17,17,17,17,48,35,49,27,41,55,17,31,85,55,25
SKU-328,267,287,311,283,343,255,243,259,211,167,235,479,463,499,123,131,159,159,183,87,83,143,195,163,15,143,239,87,103,187,111,179,283,219,343,307,63,71
SKU-329,1370,786,664,212,426,262,141,231,112,110,184,449,690,338,254,66,164,170,45,42,78,72,80,96,14,152,269,26,98,72,24,58,90,48,64,60,34,94
SKU-330,2572,952,886,694,580,472,268,370,328,592,718,910,1198,358,376,70,124,298,154,52,148,94,274,148,4,88,202,82,118,70,70,64,64,40,1174,202,34,34
SKU-331,1184,1080,1072,1008,1108,936,1440,1188,976,648,768,1504,1068,1034,1144,654,1056,780,1012,834,892,616,812,338,12,216,420,444,580,960,1346,654,1256,900,560,756,382,464
SKU-332,1296,1026,684,534,558,753,831,522,504,447,372,960,732,930,588,342,288,216,492,348,267,462,306,678,18,276,441,510,336,306,366,285,612,198,396,462,156,294
SKU-337,320,437,14,8,8,233,32,110,254,140,86,458,506,410,8,416,320,119,65,8,164,164,365,92,8,428,308,8,38,482,188,188,167,224,308,794,248,158
SKU-338,22,22,22,22,22,22,22,22,22,22,22,22,22,22,22,22,22,22,22,22,22,22,22,22,22,22,22,22,22,22,22,22,22,162,322,554,406,74
SKU-339,840,808,336,228,186,190,324,272,304,186,576,1074,992,761,404,338,204,218,240,372,160,298,534,712,32,1124,780,182,175,354,402,358,356,394,326,1084,657,254
SKU-340,2,2,2,2,2,2,2,2,2,2,2,2,2,2,2,2,2,2,2,2,362,218,42,182,2,3846,2002,2,2,2,2,2,390,14,2,2,2,2
SKU-341,12,12,12,12,12,12,12,12,12,12,16,177,188,137,48,21,22,46,50,24,30,16,28,18,12,86,26,22,14,76,42,24,38,24,51,60,40,72
SKU-342,171,375,205,95,53,29,11,83,77,9,17,125,9,209,169,105,9,65,9,69,107,13,145,295,9,181,195,9,39,63,9,9,135,135,141,89,149,69
SKU-343,1028,1111,1905,1029,446,419,601,221,435,167,149,1253,1163,1273,1727,1283,559,567,195,340,321,227,815,1017,31,2132,1114,250,632,700,445,554,1144,1048,636,1492,947,376
SKU-344,5,5,5,5,5,5,5,5,5,5,5,5,5,5,5,5,5,5,5,5,5,5,5,5,5,5,5,5,5,5,5,5,421,357,965,413,329,181
SKU-345,649,985,1029,261,581,581,425,685,405,805,501,1013,821,549,965,201,485,533,269,397,581,405,849,581,5,613,37,37,485,373,773,405,1173,597,437,1317,805,245
SKU-350,7,7,7,7,7,7,7,7,7,7,7,7,7,7,7,7,7,7,7,7,103,91,46,31,7,7,19,37,19,13,31,79,103,67,151,169,19,43
SKU-351,26,26,26,26,26,26,26,26,26,26,26,26,26,26,26,26,26,26,26,26,26,26,26,26,26,31,102,70,83,49,35,52,91,58,69,138,51,30
SKU-352,30,30,30,30,30,30,30,30,30,30,30,30,30,30,30,30,30,30,30,30,30,30,30,30,30,30,84,90,280,102,140,246,302,142,154,180,134,46
SKU-353,7,7,7,7,7,7,7,7,7,7,7,7,7,7,7,7,7,7,7,7,7,7,7,7,7,7,23,77,203,63,119,215,263,196,117,117,69,49
SKU-354,61,157,103,181,187,107,57,212,81,104,129,241,249,69,139,181,58,328,33,33,65,33,45,53,33,33,51,65,33,191,149,33,1293,973,33,33,33,1633
SKU-355,39,5,19,23,41,21,13,15,23,15,11,53,15,17,13,37,17,5,15,35,13,13,58,5,1,1,19,26,48,43,69,81,71,56,25,10,1,11
SKU-356,12,12,12,12,12,12,12,12,12,12,12,12,12,12,12,12,12,12,12,12,12,12,12,34,12,16,18,30,32,46,28,54,74,40,57,42,24,38
SKU-357,149,16,144,70,572,646,226,1018,121,110,197,290,64,28,276,178,226,64,4,2,2,2,252,182,2,2,103,2,2,2,120,102,66,38,54,37,4,2
SKU-358,3,3,3,3,3,3,3,3,3,3,3,3,3,3,3,3,3,3,3,3,3,3,3,3,3,3,3,3,3,3,3,3,3,3,3,3,3,3
SKU-359,32,224,292,532,364,244,372,180,407,166,304,584,412,432,218,194,220,346,240,264,232,308,247,144,32,146,172,236,172,176,146,125,500,184,198,338,32,65
SKU-360,110,86,64,46,62,62,98,94,58,58,74,110,70,50,58,46,38,58,78,46,58,38,34,18,18,18,30,38,34,42,42,34,90,78,42,38,18,26
SKU-361,244,136,269,266,270,320,126,270,406,266,186,322,235,338,274,230,312,30,290,206,182,258,152,174,26,82,134,102,206,166,198,70,178,118,261,151,97,64
SKU-362,27,27,27,27,27,27,27,27,27,27,27,27,27,27,27,27,27,27,106,261,220,321,187,264,27,261,342,535,349,243,46,411,239,217,235,301,121,63
SKU-363,16,368,1120,688,864,232,1568,544,720,592,432,1072,400,592,720,340,592,488,800,704,720,464,768,208,16,56,96,208,296,356,312,448,944,736,400,428,176,608
SKU-364,14,398,1494,774,910,1014,1190,502,814,974,430,734,614,782,342,718,390,410,1046,902,670,422,566,182,14,58,202,342,286,294,554,294,510,1142,666,470,94,510
SKU-365,42,586,154,186,234,154,142,154,186,170,106,394,106,186,134,66,58,234,106,282,58,122,202,42,10,10,10,42,90,50,98,42,122,122,202,74,18,74
SKU-366,362,274,178,266,330,122,386,266,234,146,202,266,282,178,378,146,226,170,148,294,266,138,170,178,2,18,42,146,224,90,134,292,278,146,226,170,56,42
SKU-367,120,100,76,84,110,74,128,52,68,32,50,94,106,72,88,42,66,54,62,78,44,32,58,30,10,10,44,46,62,62,26,20,100,42,86,80,32,50
SKU-368,11,11,11,11,11,11,11,11,11,11,11,11,11,11,11,11,11,11,11,11,11,71,12,27,11,19,11,43,475,190,139,327,239,177,153,271,125,29
SKU-369,19,19,19,19,19,19,19,19,19,19,19,19,19,19,19,19,19,19,19,19,19,19,19,19,19,19,19,19,19,19,19,19,19,19,19,19,19,19
SKU-370,18,626,18,1858,946,1186,1010,914,658,914,702,1234,402,530,706,706,754,578,418,818,1094,674,566,298,18,50,194,330,642,146,490,754,1186,642,530,354,50,526
SKU-371,10,1674,882,1098,610,746,818,602,1090,466,866,658,458,762,626,546,362,506,586,514,658,542,602,138,10,10,266,274,506,530,522,650,762,586,450,490,58,434
SKU-372,408,252,240,228,664,240,384,396,284,108,168,144,252,180,144,372,252,120,180,252,408,180,584,144,12,24,180,36,96,156,224,348,168,68,108,264,72,96
SKU-373,6,6,6,6,6,6,6,6,6,6,6,6,6,6,6,6,6,6,6,6,6,6,6,6,6,6,6,6,6,6,6,90,398,508,518,346,492,150
SKU-374,4,4,4,4,4,4,4,4,28,4,4,4,30,70,16,4,4,8,16,34,4,88,4,1044,4,10,10,66,184,740,344,140,46,402,152,292,4,94
SKU-375,29,29,29,29,29,29,29,29,29,29,29,29,29,29,29,29,29,29,29,29,29,123,174,88,29,51,89,81,109,73,162,167,232,127,133,273,107,203
SKU-376,13,13,13,13,13,13,13,13,13,13,13,13,13,13,13,13,13,13,13,13,13,25,59,19,13,13,25,13,17,21,27,19,53,21,23,19,16,19
SKU-377,18,18,18,18,18,18,18,18,18,18,18,18,18,18,18,18,18,18,18,18,18,18,48,32,18,18,18,18,30,36,52,44,94,80,108,90,80,34
SKU-378,7,7,7,7,7,7,7,7,7,7,7,7,7,7,7,7,7,7,7,7,7,7,19,43,7,7,7,7,27,19,43,59,99,27,15,27,27,35
SKU-379,12,12,12,12,12,12,12,12,12,12,12,12,12,12,12,12,12,12,12,12,12,12,396,108,12,12,180,228,1580,804,584,60,204,36,84,976,252,340
SKU-380,19,19,19,19,19,19,19,19,19,19,19,19,19,19,19,19,19,19,19,19,19,19,31,43,19,37,55,61,381,300,77,19,61,37,19,329,25,227
SKU-381,5,5,5,5,5,5,5,5,5,5,5,5,5,5,5,5,5,5,5,5,5,5,5,5,5,5,21,21,577,261,77,101,221,269,101,349,5,141
SKU-382,15,15,15,15,15,15,15,15,15,15,15,15,15,15,15,15,47,47,183,87,47,47,15,15,15,15,15,63,87,83,39,15,111,175,39,15,15,35
SKU-383,13,13,13,13,13,13,13,941,13,149,109,185,121,129,161,13,135,183,81,99,135,113,127,45,13,25,109,37,277,13,13,109,13,21,13,13,13,277
SKU-384,29,29,29,29,29,29,29,29,29,29,29,29,29,29,29,29,29,29,29,159,245,31,121,157,29,151,31,67,99,69,90,71,119,116,157,41,96,31
SKU-385,606,121,135,69,25,23,23,163,481,27,761,467,507,321,273,245,161,47,24,79,183,268,321,93,23,67,27,58,251,153,163,279,173,115,309,711,341,75
SKU-386,1868,928,278,440,468,500,764,980,946,402,716,2040,142,652,450,252,212,206,194,550,134,72,178,293,22,478,228,84,292,342,302,384,424,752,640,1252,654,262
SKU-387,1953,1292,971,313,686,344,641,654,643,550,438,923,819,538,348,1047,236,146,244,488,408,298,168,164,24,438,156,268,182,204,478,190,160,228,340,292,64,38
SKU-388,123,51,195,267,131,187,155,107,83,11,27,19,171,59,99,27,83,83,83,95,147,35,171,35,3,3,11,43,75,11,99,3,135,51,163,59,3,27
SKU-389,4,4,4,4,4,4,4,4,4,4,4,4,4,4,4,4,4,4,4,4,4,4,4,4,4,4,4,4,4,4,4,4,4,4,4,136,24,28
SKU-390,19,19,19,19,19,19,19,19,19,19,19,19,19,19,19,19,19,19,19,19,19,19,19,19,19,19,19,19,19,19,19,19,19,19,19,139,19,31
SKU-391,2,2,2,2,2,2,2,2,2,2,2,2,2,2,2,2,2,2,2,2,2,2,2,2,2,2,2,2,2,2,2,2,2,2,2,2,2,2
SKU-392,18,18,18,18,18,18,18,18,18,18,18,18,18,18,18,18,18,18,18,18,18,18,18,18,18,18,18,18,18,18,18,18,18,18,18,22,26,50
SKU-393,17,17,17,17,17,17,17,17,17,17,17,17,17,17,17,17,17,17,17,17,17,17,17,17,17,17,17,17,17,17,17,17,17,17,17,17,17,17
SKU-394,19,19,19,19,19,19,19,19,19,19,19,19,19,19,19,19,19,19,19,19,19,19,19,19,19,19,19,19,19,19,19,19,19,19,19,19,19,19
SKU-395,11,11,11,11,11,11,11,11,11,11,11,11,11,11,11,11,11,11,11,11,11,11,11,11,11,11,11,11,11,11,11,11,11,11,11,11,11,11
SKU-396,54,74,65,46,46,78,46,34,46,56,34,30,48,62,90,82,76,94,52,30,34,60,40,30,30,30,30,30,30,30,30,30,30,30,30,30,30,30
SKU-397,1160,712,564,314,516,690,721,830,1010,644,444,320,44,104,191,92,152,52,232,338,168,172,104,32,32,32,32,32,32,32,72,56,130,348,64,232,56,80
SKU-398,7,7,7,7,7,7,7,7,7,7,7,7,7,7,7,7,7,7,7,7,7,7,7,7,7,7,7,7,7,7,57,43,35,27,23,35,11,15
SKU-399,44,44,44,44,44,44,44,44,44,44,44,44,44,44,44,44,44,44,44,44,44,44,44,44,44,44,44,44,44,938,2628,2118,1248,1298,1926,1620,944,642
SKU-400,5,5,5,5,5,5,5,5,5,5,5,5,5,5,5,5,5,5,5,5,5,5,181,85,5,5,5,193,373,437,789,405,421,469,293,533,117,317
SKU-401,44,32,71,20,44,44,57,38,908,129,98,146,56,56,140,42,99,26,80,56,116,56,64,44,20,20,50,62,32,56,170,20,110,134,92,26,20,20
SKU-402,5,5,5,5,5,5,5,5,5,5,5,5,5,5,5,5,5,5,5,5,5,65,17,5,5,5,5,5,9,5,12,17,35,15,5,5,5,5
SKU-403,6,6,6,6,6,6,6,6,6,6,6,6,6,6,6,6,6,6,6,6,6,66,30,42,6,6,6,6,72,6,6,6,198,42,36,78,126,6
SKU-404,1037,671,701,218,575,209,338,458,287,233,605,827,767,569,473,245,170,290,311,326,377,215,335,254,29,269,629,389,425,209,467,503,281,173,311,461,479,65
SKU-405,281,153,97,121,65,57,37,89,65,17,81,45,17,17,161,17,317,17,837,889,37,117,153,29,17,17,17,17,2461,17,237,467,1767,17,25,21,1623,1747
SKU-406,1548,200,920,96,268,344,44,276,388,200,352,396,572,640,752,40,72,32,100,152,280,136,352,112,24,188,24,24,24,44,24,120,160,120,312,312,80,24
SKU-407,305,138,197,171,43,51,13,88,88,53,42,119,147,169,79,13,13,15,13,41,13,81,85,13,13,14,13,19,23,13,13,43,61,43,69,47,15,13
SKU-408,120,18,18,18,42,60,18,18,192,36,108,24,18,18,18,18,18,18,18,18,18,18,18,18,18,18,18,18,36,18,18,24,90,132,162,78,18,18
SKU-409,18,114,144,32,44,56,24,24,136,70,34,18,18,62,58,18,78,22,22,22,40,78,44,18,18,52,30,32,40,22,22,36,86,24,38,94,18,18
SKU-410,7,7,7,7,7,7,7,7,7,7,7,7,7,7,7,7,7,7,7,7,7,7,7,7,7,7,7,7,7,7,7,7,207,279,359,7,167,39
SKU-411,333,293,451,303,275,331,267,307,275,391,227,267,163,563,411,247,291,147,163,259,475,267,379,219,3,231,3,243,283,187,3,147,99,271,163,163,91,59
SKU-412,112,43,163,137,64,154,35,142,43,71,82,63,47,146,59,40,51,55,163,103,23,3,35,23,3,99,143,107,55,99,158,3,59,155,3,99,35,3
SKU-413,725,13,605,77,85,53,45,13,213,53,293,533,373,237,245,53,117,37,13,13,53,133,69,205,13,277,13,165,13,165,145,13,477,181,325,445,13,69
SKU-414,109,127,337,109,37,43,28,13,115,43,79,259,133,199,373,13,121,19,19,13,13,61,19,31,13,184,13,31,49,13,19,13,13,61,49,217,49,97
SKU-415,13,29,79,5,7,17,6,3,22,10,3,74,55,27,28,15,11,7,15,3,7,9,7,21,3,44,43,5,25,15,3,3,3,3,3,31,23,3
SKU-416,307,187,225,129,65,305,143,293,133,167,153,245,151,99,111,375,111,73,211,229,125,139,151,121,1,45,157,65,1,1,79,229,203,87,153,21,155,17
SKU-417,174,76,126,83,94,88,54,124,70,82,76,140,112,110,84,68,77,52,83,112,86,85,106,42,20,22,144,76,112,52,32,120,74,87,95,86,58,26
SKU-418,14,14,14,14,14,14,14,14,14,14,14,14,14,14,14,14,14,14,14,14,14,14,22,82,14,28,70,42,36,22,42,16,30,46,60,90,32,34
SKU-419,4,4,4,4,4,4,4,4,4,4,4,4,4,4,134,68,50,18,14,44,28,14,50,42,4,44,32,52,98,82,30,54,46,54,14,14,10,10
SKU-420,13,13,13,13,13,13,13,13,13,13,13,13,13,13,13,13,107,43,111,81,91,57,95,59,13,47,45,153,105,109,49,103,31,91,115,59,13,37
SKU-421,10,10,10,10,10,10,10,10,10,10,10,10,10,10,10,10,10,10,10,10,10,10,14,11,10,24,42,20,19,14,15,22,41,25,26,21,17,15
SKU-422,6,70,166,214,70,278,142,118,70,102,6,486,326,342,6,198,38,22,54,118,38,38,102,150,6,402,6,22,38,118,102,38,38,70,166,262,230,6
SKU-423,15,15,15,15,15,15,15,15,15,15,15,15,15,15,15,117,69,63,87,123,60,81,114,117,15,48,66,51,57,54,39,72,36,36,75,75,69,15
SKU-424,20,20,20,20,20,20,20,20,20,20,20,20,20,20,20,20,20,20,20,20,20,20,20,20,20,20,20,20,76,56,32,44,80,64,36,132,28,20
SKU-425,4,4,4,4,4,4,4,4,4,4,4,4,4,4,4,4,4,4,4,4,4,4,4,4,4,4,4,4,4,4,19,22,46,25,19,121,130,28
SKU-426,8,8,8,8,8,8,8,8,8,8,8,8,8,8,8,8,8,8,8,8,8,8,8,28,8,8,8,8,64,44,36,64,72,36,44,136,48,8
SKU-427,304,160,73,12,26,50,52,68,92,77,124,294,72,186,66,42,24,28,62,54,32,42,62,90,10,246,40,10,40,44,62,88,44,50,78,184,34,26
SKU-428,209,9,11,11,11,53,33,9,45,19,13,187,35,29,9,17,9,17,9,13,13,21,41,33,9,303,17,9,9,37,29,63,137,37,37,69,29,9
SKU-429,35,29,11,35,53,9,10,5,5,5,5,17,41,11,5,5,59,71,41,65,41,41,5,5,5,17,11,54,11,17,95,41,47,5,5,5,5,5
SKU-430,11,11,11,11,11,11,11,11,11,11,11,11,11,11,11,11,11,11,11,11,89,155,116,149,11,167,179,119,83,29,110,95,11,59,149,89,11,11
SKU-431,18,18,18,18,18,18,18,18,18,18,18,18,18,18,18,18,18,18,18,18,18,134,330,102,18,374,482,242,242,50,130,194,130,58,234,254,98,18
SKU-432,7,7,7,7,7,7,7,7,7,7,7,7,7,7,7,7,7,7,7,7,7,7,7,7,7,7,33,27,27,35,69,45,45,37,43,9,37,7
SKU-433,7,7,7,7,7,7,7,7,7,7,7,7,7,7,7,7,7,7,7,7,7,7,7,7,7,7,7,7,7,7,7,7,7,7,7,7,7,37
SKU-434,12,12,12,12,12,12,12,12,12,12,12,12,12,12,12,12,12,12,12,12,12,12,12,12,12,12,12,27,18,15,12,12,12,12,12,12,12,12
